,precision,recall,f1-score,support
class_0,0.8960417364667592,0.9434561306254095,0.9191378633150039,19843.0
class_1,0.26112759643916916,0.06945540647198106,0.10972568578553615,1267.0
class_2,0.34767236299351795,0.367601246105919,0.35735917625681407,1605.0
class_3,0.5803432137285491,0.4361078546307151,0.4979919678714859,853.0
accuracy,0.8388917175831636,0.8388917175831636,0.8388917175831636,0.8388917175831636
macro avg,0.5212962274069988,0.45415515945850615,0.47105367330721,23568.0
weighted avg,0.8131386517868882,0.8388917175831636,0.8221242231897683,23568.0
