epoch,value_1,value_2,value_3,value_4,value_5,value_6
1,0.8506614565849304,0.5675033926963806,0.678510844707489,0.9516197443008423,0.6810973286628723,0.6954715251922607
2,0.850407063961029,0.5724219679832458,0.6432327032089233,0.9522557854652405,0.6762635707855225,0.6642215251922607
3,0.8574881553649902,0.5943436026573181,0.6924185752868652,0.9534854292869568,0.7330817580223083,0.673253059387207
4,0.8560888767242432,0.5837432146072388,0.6851679086685181,0.952934205532074,0.7014501094818115,0.7139162421226501
5,0.8410786986351013,0.5636448264122009,0.6912737488746643,0.9524253606796265,0.7005172967910767,0.7118385434150696
6,0.8551560640335083,0.591036319732666,0.6955987215042114,0.9535702466964722,0.7244741916656494,0.692757785320282
7,0.8394674062728882,0.5685634613037109,0.6915281414985657,0.9525525569915771,0.7148914337158203,0.7237533926963806
8,0.8429867625236511,0.5767045617103577,0.6919097900390625,0.9528917670249939,0.7151034474372864,0.7195980548858643
9,0.8515095114707947,0.5862025022506714,0.6958531141281128,0.9525949954986572,0.7327001094818115,0.7149338722229004
