,precision,recall,f1-score,support
class_0,0.8731684981684982,0.6425923845894642,0.7403429310902621,8903.0
class_1,0.629349593495935,0.8229853285137146,0.7132590067262508,9406.0
class_2,0.6032663316582915,0.6025094102885822,0.602887633396108,3985.0
class_3,0.7404891304347826,0.42778649921507067,0.5422885572139303,1274.0
accuracy,0.6961982348947726,0.6961982348947726,0.6961982348947726,0.6961982348947726
macro avg,0.7115683884393769,0.623968405651708,0.6496945321066377,23568.0
weighted avg,0.7230516335475691,0.6961982348947726,0.6955859713907738,23568.0
