epoch,value_1,value_2,value_3,value_4,value_5,value_6
1,0.8504751920700073,0.5861337184906006,0.6799049377441406,0.9523506164550781,0.7069755792617798,0.7440173029899597
2,0.8567548990249634,0.5933893322944641,0.7079090476036072,0.9537084102630615,0.7395197153091431,0.7407501935958862
3,0.8528088927268982,0.5896978974342346,0.6912763118743896,0.9537508487701416,0.7216140627861023,0.7593346834182739
4,0.8549728393554688,0.5972505211830139,0.6919976472854614,0.9538781642913818,0.7333248257637024,0.7567888498306274
5,0.8538696765899658,0.5955108404159546,0.698871374130249,0.9540478587150574,0.7392226457595825,0.7489816546440125
